Property_URL,Scrape_Super_ID
https://www.rightmove.co.uk/properties/127741997,ee083564-7c36-4fcc-84e4-344c23a76f1a
https://www.rightmove.co.uk/properties/147019070,de1db7d5-2413-4e39-bafd-27f3b315cb46
https://www.rightmove.co.uk/properties/148439558,68843aa5-3e59-45b9-8c93-6d3fc98ada01
https://www.rightmove.co.uk/properties/149885618,98949ae2-2acc-46da-9f61-47405decc93a
https://www.rightmove.co.uk/properties/153499349,ada90ff1-250b-42ff-ac10-d5a1120e7efc
https://www.rightmove.co.uk/properties/153594416,2a355b08-9d52-45a3-9251-32234ad7b1f9
https://www.rightmove.co.uk/properties/154391180,206a9924-c54a-4315-a1a5-7ee6293e657a
https://www.rightmove.co.uk/properties/154476701,967de342-82e3-4791-ac74-c4f44f671729
https://www.rightmove.co.uk/properties/154844231,17afc1e9-14e6-42ff-8060-d76f99572ab2
https://www.rightmove.co.uk/properties/154891808,10b86a80-f7dc-4c89-824d-b17182e5ad91
https://www.rightmove.co.uk/properties/155361815,373d890d-742c-41bd-a5b6-4ee120dcdef7
https://www.rightmove.co.uk/properties/155390792,370af3e7-231a-4963-8b7a-ba4a7955585e
https://www.rightmove.co.uk/properties/155874755,da4e176e-934c-4370-b6b3-f72ed620eee6
https://www.rightmove.co.uk/properties/156080579,a7f57b41-39fc-4cb7-b736-84c65b71205b
https://www.rightmove.co.uk/properties/156920453,7af7c6dd-f3f7-4899-b04a-b2d0125cfad2
https://www.rightmove.co.uk/properties/156990434,85a05a7e-59b5-4f7f-869d-6ed0abb8c150
https://www.rightmove.co.uk/properties/157682123,12401f4d-af38-4734-a2b6-5738bd3efcd0
https://www.rightmove.co.uk/properties/157703405,c128438b-5de4-4099-920a-0f3e038e919e
https://www.rightmove.co.uk/properties/157761500,703808d7-a936-4459-abe3-dea2c8a9b853
https://www.rightmove.co.uk/properties/158118956,cd7d373a-8ef9-47bc-89bb-599fc11520cf
https://www.rightmove.co.uk/properties/158297279,84c08008-1b7d-4f97-9606-92d98e9be42d
https://www.rightmove.co.uk/properties/158470673,f86c57bb-0997-42a6-879b-10964e843538
https://www.rightmove.co.uk/properties/158529329,58855919-28cd-4706-84d6-07b35e40c4f7
https://www.rightmove.co.uk/properties/158569166,4dec1ee8-469d-48d7-94b3-ca6c8d0f597e
https://www.rightmove.co.uk/properties/158627984,3083cef7-bc54-44ac-846e-bae75d8f6755
https://www.rightmove.co.uk/properties/158957429,46a9efa5-e60f-4ee9-91fe-7ee0e06b7935
https://www.rightmove.co.uk/properties/159017885,69d2a131-a59b-4fcf-b3cb-32f8917270d9
https://www.rightmove.co.uk/properties/159129380,eade8ef0-b19b-49c5-a714-d841691c8d32
https://www.rightmove.co.uk/properties/159142700,e08d79b3-6cdf-482b-9ab8-391dba8a09f6
https://www.rightmove.co.uk/properties/159234437,89350540-f4bd-4148-a81a-2631569c16cc
https://www.rightmove.co.uk/properties/159320000,b2f2b30b-e861-499f-8bf3-a6ff80a58b87
https://www.rightmove.co.uk/properties/159495188,2b966f05-65ba-4696-a08a-89e338644300
https://www.rightmove.co.uk/properties/159686852,35465310-29bd-45a7-82e2-f9b61fde4504
https://www.rightmove.co.uk/properties/159760364,49f01ffc-aaad-4877-9356-363ed39ef0ed
https://www.rightmove.co.uk/properties/159917765,3a402cce-ff07-4e38-8a26-589a06d7405c
https://www.rightmove.co.uk/properties/160037909,0366524f-8be8-4b56-8590-29ab2f8e8041
https://www.rightmove.co.uk/properties/160136258,2a22b735-e55b-4bbc-9bd5-40b2a4b923be
https://www.rightmove.co.uk/properties/160163654,612e8dfb-3e72-4e51-833c-b66457f45879
https://www.rightmove.co.uk/properties/160306226,352beb0e-75c5-4363-8921-09396b9477f8
https://www.rightmove.co.uk/properties/160443341,22c2fddc-5ace-490f-87b2-2daae507f6bb
https://www.rightmove.co.uk/properties/160600205,05d1d059-8812-459a-aa40-ec8ccb058362
https://www.rightmove.co.uk/properties/160641110,470c72e0-e5d6-407b-9c73-c5c9871c2e13
https://www.rightmove.co.uk/properties/160756265,360c5691-fa52-40e8-a2d8-4dba5d795d60
https://www.rightmove.co.uk/properties/161038895,2c585da8-57c4-4f13-8884-b3f4facbc6ab
https://www.rightmove.co.uk/properties/161323463,a4661278-7a63-4cce-b9fc-97af92393616
https://www.rightmove.co.uk/properties/161668022,d82daefc-c1f4-4feb-9660-dad7c1c31935
https://www.rightmove.co.uk/properties/161836604,89241d19-061a-4609-8207-337cce239d20
https://www.rightmove.co.uk/properties/161847089,51bbcf81-446d-4e4e-8184-8ae27ee5d24f
https://www.rightmove.co.uk/properties/161867573,1627738f-a952-49cd-afe3-1454562ad4f8
https://www.rightmove.co.uk/properties/161868515,0be7f766-b3d7-4f47-bb8e-36bb746109d8
https://www.rightmove.co.uk/properties/162111827,1e247006-75e0-4030-bce8-4316a716f534
https://www.rightmove.co.uk/properties/162133346,145c3ade-68da-41c7-a5fe-3f7579ce04ad
https://www.rightmove.co.uk/properties/162339272,9ca229f8-7e92-47c2-bbca-84f2e26711ee
https://www.rightmove.co.uk/properties/162454952,057a1df0-bfc8-4ad6-a86c-378190dfdd2b
https://www.rightmove.co.uk/properties/162734168,92d6bcae-9fa4-4ca3-8081-a0a331aab6e9
https://www.rightmove.co.uk/properties/162791846,45176efb-0c91-4036-b34a-93d9728a1374
https://www.rightmove.co.uk/properties/162859469,c28620fc-80b8-4904-a62f-1f6072212dc8
https://www.rightmove.co.uk/properties/162869051,1150728b-11bc-4fe9-93f7-050618201768
https://www.rightmove.co.uk/properties/162963161,8678e202-a4eb-4296-9972-b6299b3b9dd2
https://www.rightmove.co.uk/properties/163221458,c07d95f6-bc66-4503-a834-1bc1c70a09be
https://www.rightmove.co.uk/properties/163569437,3133fdac-4450-43af-a9c1-70a11cd6cb3e
https://www.rightmove.co.uk/properties/163590095,f9756377-0f88-4687-8fee-25060c7607d0
https://www.rightmove.co.uk/properties/163741967,eb07eedd-14e5-4f0c-a815-6c2a2d8096fc
https://www.rightmove.co.uk/properties/163790570,88c44b5e-e249-45e8-9589-7714c5e871bc
https://www.rightmove.co.uk/properties/163802645,27b273dd-c4f1-471d-aea9-2a7ca5c0ac34
https://www.rightmove.co.uk/properties/163841333,db57ccb5-b689-4a32-8815-5687d5d740bd
https://www.rightmove.co.uk/properties/163852919,cac2035a-3328-4582-9659-469287561831
https://www.rightmove.co.uk/properties/164568527,f8d35d81-959a-47ed-84ff-b0312b15ecb5
https://www.rightmove.co.uk/properties/164653472,18d47819-660a-4977-8308-fe4aed9c412f
https://www.rightmove.co.uk/properties/164775734,64f42d80-e8f6-4652-ae56-a46aee653598
https://www.rightmove.co.uk/properties/164801804,d72403db-7dc8-4d3c-8751-991fc309c0f1
https://www.rightmove.co.uk/properties/164814956,f931fc86-be0f-459c-a85a-b7d0dbc801bf
https://www.rightmove.co.uk/properties/164834255,913ab0ed-9456-4fa6-a5d3-100d2d16812f
https://www.rightmove.co.uk/properties/87063858,b86f4e78-61aa-4022-b4b2-53d4c31bc42f
https://www.rightmove.co.uk/properties/87226146,d58e6e6c-4979-4152-b73b-7a251a2462ce
